date,lambda_t,u_t,mkt_vol,rtA3Y
196301.0,0.4721315780049404,-0.031963,0.005446155094943756,0.5474917777930652
196302.0,0.4621951004692523,-0.034483,0.004233712822471299,0.5685507373985996
196303.0,0.4845342893791877,-0.031807199999999994,0.003826129406867368,0.486791242975001
196304.0,0.4876249290197356,-0.032787,0.0035779021187601783,0.4547087487450543
196305.0,0.4766288797724093,-0.03125,0.003291731162390779,0.35118857831960093
196306.0,0.4551833497656299,-0.032967,0.003360624168216375,0.36180164949751714
196307.0,0.4489112239878751,-0.032102799999999994,0.004581519542486075,0.3465873527531613
196308.0,0.4873550209348509,-0.03125,0.0036812053300268625,0.18275838276615386
196309.0,0.4447130242553464,-0.035211,0.003846341105518334,0.18867156420983555
196310.0,0.44842144478831625,-0.034091,0.004202467148049439,0.2055420794102274
196311.0,0.481863894184387,-0.043478,0.012865357761575592,0.23350306296959622
196312.0,0.4666853623899194,-0.037037,0.0033155851742368266,0.21475792399672056
196401.0,0.4506600678719585,-0.03623384999999999,0.0027730422987955108,0.2855030456878691
196402.0,0.4817658688854755,-0.032258,0.0019442846607699354,0.27758939578957187
196403.0,0.47916880904870707,-0.033333,0.0021621798194018395,0.3099146788601297
196404.0,0.4325778730895686,-0.036364,0.003304563153635233,0.35816186701149944
196405.0,0.4400851417613844,-0.033898,0.0030787869445611203,0.28247667126106
196406.0,0.4617774897976994,-0.032258,0.004069022833332571,0.29741287255322146
196407.0,0.4646413708619775,-0.030303,0.002826174904514774,0.33438740592177973
196408.0,0.46611154109271785,-0.032258,0.004120683294008872,0.34111377199305437
196409.0,0.4687102532385554,-0.03125,0.0026510321978968333,0.34606707435331896
196410.0,0.4684244839557129,-0.031978799999999995,0.002828800902406273,0.29763172057282405
196411.0,0.46009207166560795,-0.033333,0.0031980861628891676,0.30385668925898046
196412.0,0.4586016751940842,-0.033708,0.0038322947137096946,0.34284027521477634
196501.0,0.4882710938096849,-0.028571,0.0027997622756227,0.24590432657127392
196502.0,0.44750063868065054,-0.03125,0.004221899335607139,0.1957066610271474
196503.0,0.4485631626274185,-0.030928,0.0022732948698348378,0.21361536528537095
196504.0,0.47754358366199173,-0.029412,0.002617644260817439,0.2846439853028462
196505.0,0.4326580195818887,-0.032,0.003795671179119709,0.3251464709605847
196506.0,0.36018709045659336,-0.04451089999999999,0.009267031095134073,0.41374980944778517
196507.0,0.42460590492953326,-0.03125,0.004830978748314535,0.35982275428272903
196508.0,0.438039832357648,-0.030303,0.0023012087633952887,0.34287778273744474
196509.0,0.4204837128946351,-0.033333,0.00361167898562955,0.3591466189234154
196510.0,0.4668202662210877,-0.032468,0.0029842736373960656,0.3324330166740359
196511.0,0.46321860442561036,-0.033333,0.0024315398002089134,0.4060720696888871
196512.0,0.4036190692478373,-0.037037,0.0036758719373775795,0.34028996292450286
196601.0,0.4138194603648318,-0.032258,0.002507912127267468,0.31535059704592583
196602.0,0.3825680397611726,-0.034483,0.003957624746180333,0.2556185633040289
196603.0,0.32609936196401934,-0.039216,0.006569891806401843,0.3215724683325407
196604.0,0.38621620090251585,-0.035714,0.004066972916064232,0.31601453342336683
196605.0,0.31955210446167387,-0.050229399999999993,0.009862148319518952,0.39598975649875245
196606.0,0.35198812295403903,-0.035047,0.004831563943110308,0.31548869566094706
196607.0,0.3741124008596582,-0.034884,0.006846630908702469,0.24579030307662397
196608.0,0.3428909034443652,-0.05,0.011616819726810664,0.4167426894441588
196609.0,0.3591244644388369,-0.039888999999999994,0.008371238859787663,0.3944409925155383
196610.0,0.37618326466148,-0.04878,0.010650717713352647,0.4122920270251247
196611.0,0.3789748380383367,-0.03784825,0.006090027976126218,0.3433371723568859
196612.0,0.37641680402636835,-0.039801,0.005033137339293502,0.30877281760755904
196701.0,0.3911979069755397,-0.032258,0.005986036501726331,0.11733436535750674
196702.0,0.3618928534966418,-0.036585,0.00461086692955948,0.16791114044727373
196703.0,0.3545984946726728,-0.03511619999999999,0.004452368506557136,0.1140558880183129
196704.0,0.3617346082501303,-0.035714,0.006263869020022689,-0.04309030547547121
196705.0,0.350272069433647,-0.0386588,0.006035189957091808,-0.06804428059683709
196706.0,0.3766683758713571,-0.035714,0.007032568517586263,-0.1388043487300631
196707.0,0.3617431063119134,-0.033259,0.003437307994637664,-0.11830027666616338
196708.0,0.3412797116038412,-0.033613,0.003484079854822878,-0.06833080341649389
196709.0,0.35736095217500935,-0.032258,0.00403973689118487,-0.05639630446210919
196710.0,0.3181060939754513,-0.037736,0.00431188946666392,-0.0474460274206947
196711.0,0.3058643173627858,-0.04091709999999999,0.007126443811607582,-0.007236402558992161
196712.0,0.3246324858263024,-0.034014,0.0037318350713824422,0.018717422932998717
196801.0,0.2977585275277371,-0.038462,0.004828074329095683,0.11212593789797354
196802.0,0.3164145611138023,-0.043956,0.006914305429972512,0.1702849862637752
196803.0,0.3393186985458807,-0.042017,0.008592842553128572,0.21646336434334934
196804.0,0.34770660346682764,-0.033333,0.008815469360731736,0.14884871260893684
196805.0,0.32974646128411567,-0.033333,0.004104666795246601,0.07787455194691328
196806.0,0.2750952880399928,-0.04,0.00571127252226064,0.06891505879174309
196807.0,0.2828024259782962,-0.044118,0.007113983293072711,0.048958209075105064
196808.0,0.33206478034596004,-0.034483,0.004068985192895153,0.0741755668026769
196809.0,0.3155444454988859,-0.032258,0.003963680264008957,0.023297820832314686
196810.0,0.2871834859439212,-0.035398,0.003531490274028169,-0.02712873353273637
196811.0,0.3041310602184359,-0.030612,0.004390758925422401,-0.08205707606418722
196812.0,0.2758176668758085,-0.035211,0.004152932344206386,0.036832260505527126
196901.0,0.298609696410754,-0.03589150000000001,0.005618048739229986,0.07346364826671237
196902.0,0.282983510602822,-0.0414642,0.00625201953149718,0.16986858071432298
196903.0,0.3183069883744587,-0.032967,0.005429411344703954,0.14514082352234547
196904.0,0.3222776012411117,-0.034632,0.005231936043369104,0.128284527264674
196905.0,0.29842897001125596,-0.03357659999999999,0.00436559299959298,0.14100949852606148
196906.0,0.2895859084718598,-0.0445408,0.0065818459452967335,0.19788917903196923
196907.0,0.33459863945348967,-0.052632,0.011168067535441863,0.2759481771151371
196908.0,0.3236846127785435,-0.035714,0.007140215629663802,0.2571091233812368
196909.0,0.30875866588055173,-0.038462,0.006498187816981124,0.27629868366898513
196910.0,0.3295615128179465,-0.035714,0.00612725393843661,0.21952134213607333
196911.0,0.2835845957345935,-0.040816,0.005402573621603144,0.3227546838577324
196912.0,0.287490855314367,-0.04878,0.00773804159508546,0.36447936874525144
197001.0,0.31389649729201313,-0.045045,0.007363315890599962,0.4319122522845733
197002.0,0.3319590680313339,-0.04,0.007473661369312761,0.2949470388648372
197003.0,0.33267307419858677,-0.040816,0.0069314100537577,0.29087719825100544
197004.0,0.3463991107287831,-0.058824,0.009445057805781046,0.3681394915453191
197005.0,0.32165885012659756,-0.075758,0.02072351471270303,0.426391731223857
197006.0,0.3187243074345526,-0.058824,0.011352817049285409,0.4901539893040219
197007.0,0.35777551155951764,-0.047619,0.00964961291263211,0.4662806173033758
197008.0,0.35739840468912193,-0.043011,0.009493654605151,0.35499652682004235
197009.0,0.3428923449536398,-0.041667,0.007530284421998314,0.36326981390404467
197010.0,0.3247319693702237,-0.047619,0.00679056755226087,0.38797632994694875
197011.0,0.3437523531837336,-0.045455,0.007003128690092736,0.16181814162153985
197012.0,0.3461027324805599,-0.041667,0.005100965037929766,0.10783480296671688
197101.0,0.35177216593870464,-0.03692584999999999,0.00532325492062892,0.05769196501260354
197102.0,0.31749622499087,-0.040816,0.005283907116997103,0.042539777415135926
197103.0,0.3267290709839997,-0.036232,0.00468014311375383,-0.02545624232553867
197104.0,0.3171309309547001,-0.037383,0.003659485313798207,-0.10023811124789961
197105.0,0.32282118486861566,-0.04,0.005174754337164228,-0.10544101709086262
197106.0,0.33500320924493365,-0.04,0.006512930348719593,-0.12868163126883636
197107.0,0.32312605906368147,-0.041667,0.0052387056607524725,-0.1564549229973934
197108.0,0.3498427063841253,-0.042254,0.01081618443478442,-0.26186093798522103
197109.0,0.3364135459541497,-0.037037,0.004941949490019579,-0.3395351880948424
197110.0,0.330089031971013,-0.044118,0.005714554071674818,-0.19752572161270843
197111.0,0.33613431046892966,-0.048387,0.00953184625348101,-0.22949169936799618
197112.0,0.3588158679084623,-0.03937,0.007261871590712686,-0.3129934342016255
197201.0,0.3614669849425755,-0.035714,0.005080350925261908,-0.23735859290086325
197202.0,0.35013000116793236,-0.036364,0.003651251545703199,-0.21734658493816184
197203.0,0.32970508695484185,-0.03744229999999999,0.005107741642038894,-0.20069065376465622
197204.0,0.3475264205001575,-0.037433,0.0043867804652159195,-0.16810475044157058
197205.0,0.331011910518733,-0.038961,0.006078405259605515,-0.13637589116312243
197206.0,0.3389983058947975,-0.036765,0.00393609874344913,-0.07254146643301296
197207.0,0.36160487603011227,-0.04,0.00531321492130706,-0.1248230472253522
197208.0,0.36574298456836446,-0.038462,0.004950105369980829,-0.17510851309677855
197209.0,0.37476005336660534,-0.037594,0.004820798476393719,-0.2003291631956804
197210.0,0.37980821607960863,-0.04,0.005966567225343686,-0.16292441702221727
197211.0,0.4016640703109981,-0.038529,0.004712233361156895,-0.17770969777062706
197212.0,0.3820621352549066,-0.043478,0.004948557519754195,-0.1957949241819673
197301.0,0.3743086476545421,-0.045455,0.005125905950124701,-0.0688928175818786
197302.0,0.3645829017190914,-0.051282,0.007943776985129535,-0.018538999485577246
197303.0,0.4045810639956306,-0.047619,0.008141574920236145,0.01568550871011376
197304.0,0.38412369359571436,-0.05330429999999997,0.008547928477122397,0.05999524171695603
197305.0,0.38774934982051656,-0.061538,0.011824341157890439,0.07649240187792872
197306.0,0.40570540864443294,-0.052632,0.009617286405713611,0.13422772143692252
197307.0,0.43575752653238103,-0.043478,0.009156297065538064,0.06651815926811366
197308.0,0.4074558636648815,-0.047619,0.006662987207082055,0.09757803877748072
197309.0,0.44539800713244904,-0.041667,0.00669821366995866,0.06694173455570929
197310.0,0.3734441658566624,-0.05,0.0073542218841791225,0.045639938113656964
197311.0,0.3504269707905203,-0.076923,0.014342801650670492,0.19556834696948844
197312.0,0.3655468064224954,-0.075,0.015558988328294355,0.2548528450389762
197401.0,0.39557415725365996,-0.05,0.011529036287880818,0.2039560027499545
197402.0,0.3966840759427541,-0.04918,0.00914139465347199,0.1822285933911567
197403.0,0.3957967910761711,-0.045113,0.008358571822073549,0.19931495575719338
197404.0,0.39262769385420154,-0.05,0.008843083818927162,0.26332986027579675
197405.0,0.3926306521753116,-0.054054,0.009258177571992527,0.30447825603835055
197406.0,0.39404959368383524,-0.051282,0.010411707998690706,0.40369148973017355
197407.0,0.393403955584606,-0.060606,0.014618976016559001,0.491418619770289
197408.0,0.3713886952929914,-0.0624,0.013847883527161042,0.6130856342222328
197409.0,0.3903860956132641,-0.072165,0.018866868981100175,0.8147299449379304
197410.0,0.41710419122770015,-0.058824,0.019386295287045475,0.4957746349989862
197411.0,0.4039665253786521,-0.066667,0.01254134784821791,0.6306753341800955
197412.0,0.42316260946031536,-0.076923,0.012788061796996819,0.6897151346646784
197501.0,0.48504486384529405,-0.045455,0.013076590965260301,0.3984272503033661
197502.0,0.41034272960819057,-0.053571,0.009976776617936804,0.30899577627313635
197503.0,0.4143023429201199,-0.05,0.010368219029804494,0.313848332471107
197504.0,0.4230704510969171,-0.047619,0.009243912050641763,0.35949229511535696
197505.0,0.42955764046983874,-0.044444,0.008634717595404087,0.31837794143989107
197506.0,0.4348180603122485,-0.043478,0.007575851459297058,0.24036281989674935
197507.0,0.3891753794697457,-0.047619,0.007424540879591632,0.39497799275289447
197508.0,0.3831874283420252,-0.05,0.010389551757139752,0.48916495839572094
197509.0,0.41275776754067484,-0.046512,0.009979345147424682,0.5373404099806995
197510.0,0.47525193003818295,-0.043478,0.008937917756730982,0.2944019040219379
197511.0,0.47787349004917923,-0.045455,0.006271429069912803,0.2976215219934484
197512.0,0.45693571027541885,-0.05,0.0077638291132662105,0.3352852713188732
197601.0,0.4691939909000152,-0.037975,0.009466093673135263,0.2445888239266516
197602.0,0.4307272362309476,-0.043478,0.007668266743019916,0.20248722245808626
197603.0,0.41663465703699,-0.042254,0.006744513357891926,0.24801411904204418
197604.0,0.4105793129588537,-0.041451,0.006684215585990625,0.27187726666412315
197605.0,0.44807111104047953,-0.04,0.00639090596081651,0.2664273214783306
197606.0,0.47186638240802375,-0.036243,0.006092472150867077,0.2692535375968823
197607.0,0.46637681291690936,-0.036364,0.004394992529383108,0.2962346129641453
197608.0,0.4789545116384739,-0.037736,0.005348262674585424,0.3820746122384493
197609.0,0.5165692611772058,-0.035714,0.0057886006944683965,0.3509301010680217
197610.0,0.47721948201527176,-0.04,0.007066468586621913,0.27882095863349843
197611.0,0.4971643339451167,-0.038462,0.006898596378974493,0.35290346560040775
197612.0,0.530449946567467,-0.034483,0.004981062856641962,0.31036871722002557
197701.0,0.45652880057859896,-0.036145,0.005015562072665626,0.44897348859747144
197702.0,0.46407108111051915,-0.036496,0.003802851001136135,0.4736452677843954
197703.0,0.48247775149611893,-0.034483,0.00485073424742383,0.3085808029568313
197704.0,0.4637437698994514,-0.0351362,0.006524550440451817,0.37020361705321747
197705.0,0.47761365451361265,-0.03462605,0.004835965664142158,0.4683637080839669
197706.0,0.5212758094378386,-0.030303,0.004619030152039987,0.4492928524339652
197707.0,0.47829792160567913,-0.034483,0.0050606882203073815,0.5700347140696511
197708.0,0.4818322530911028,-0.032787,0.004260343331745439,0.6287394383536082
197709.0,0.4825232243426241,-0.032258,0.004199892118795888,0.6741522270053093
197710.0,0.4474516080711191,-0.038462,0.005598334318603806,0.7776154975185141
197711.0,0.49783024831217276,-0.033333,0.007836298309181203,0.8788068174300561
197712.0,0.49447539946325664,-0.034483,0.0050954108437560415,0.7993590664321986
197801.0,0.43427117228365164,-0.037037,0.0062900590617258915,0.8281434484661454
197802.0,0.4884646220862186,-0.03125,0.005153376695761824,0.8738947807342015
197803.0,0.5102075202345266,-0.029412,0.004762172899766736,0.8959572531697984
197804.0,0.4727458812830307,-0.031496,0.008259253961466494,0.7311651708547586
197805.0,0.4546932150910554,-0.033333,0.006068085855897678,0.7147811677327243
197806.0,0.4257884337917374,-0.036649,0.006161000822623192,0.7156565407314202
197807.0,0.4650076450588778,-0.03125,0.0060351926854078156,0.6185366463897088
197808.0,0.45261975331710547,-0.032258,0.006240014757507633,0.4653566251851553
197809.0,0.40876185338199816,-0.040816,0.006777100327573733,0.3814186340271588
197810.0,0.3535101193732911,-0.06939999999999999,0.010419178607915136,0.6473782958335466
197811.0,0.40274167037612213,-0.04757380000000004,0.012379050296290713,0.6665979509714497
197812.0,0.435289718369416,-0.042254,0.008902828631957373,0.5915893507184335
197901.0,0.46713951315580843,-0.032258,0.006618368595328939,0.47673280937701
197902.0,0.4149832177192855,-0.03876,0.006216794498944392,0.4397687791384426
197903.0,0.4911710774991079,-0.02968409999999997,0.005836502603131745,0.33747023985289726
197904.0,0.4554676069126847,-0.034483,0.0053242453925415574,0.38355336499136583
197905.0,0.4536656300428601,-0.039216,0.006338275661695093,0.36301667317654274
197906.0,0.47484469108666627,-0.032922,0.005024961994644243,0.2708796042524375
197907.0,0.45115961473977395,-0.034965,0.005601293222275081,0.22640969267230537
197908.0,0.4999096020125952,-0.029412,0.0046223132689727706,0.28893662316469526
197909.0,0.4189805626522438,-0.038462,0.007715187554427955,0.3086807558308604
197910.0,0.37412955532881037,-0.05905584999999999,0.011654220886797233,0.578639256944703
197911.0,0.49445750041517317,-0.033446799999999964,0.008533798841469528,0.5613286134592081
197912.0,0.4777968577906123,-0.033898,0.004741798509004785,0.5405177824098091
198001.0,0.43365876750585286,-0.04,0.009142314260921824,0.5061642880508153
198002.0,0.40670451768066285,-0.040816,0.008839658271109807,0.550099690828078
198003.0,0.3902961240154825,-0.072289,0.016131987584565376,0.823025460920298
198004.0,0.4466405962702273,-0.042553,0.011391164163508488,0.8609624605632016
198005.0,0.4766406241788612,-0.034483,0.008033108136539265,0.7786920819026213
198006.0,0.4587816780653017,-0.033898,0.0075077068561642205,0.7789029098629976
198007.0,0.4467886224799806,-0.032787,0.00732799899203546,0.6108862271572757
198008.0,0.41040384220051535,-0.034783,0.00888272103580879,0.5792698264423533
198009.0,0.39604138268381694,-0.041667,0.011158315886753315,0.5586050521232138
198010.0,0.4103124907254696,-0.037037,0.009609725236989598,0.48506255169546275
198011.0,0.43311513332682344,-0.037037,0.011153997522064554,0.3837298457067584
198012.0,0.4015574295748187,-0.05,0.01143930064812451,0.4180469087792871
198101.0,0.4141977033075988,-0.042553,0.008861870115973317,0.45802164545031276
198102.0,0.4318145447189469,-0.04,0.008936947000190307,0.37964170606126735
198103.0,0.435416056412041,-0.033898,0.0084783077749792,0.33639631737987297
198104.0,0.41224724845284155,-0.038462,0.006166197261413768,0.35505413107406336
198105.0,0.4151124638279245,-0.037037,0.006405796519559453,0.26699498487120277
198106.0,0.4187526144464447,-0.041667,0.006538225325659165,0.3100411470668367
198107.0,0.431675184413198,-0.04,0.006628348652842302,0.2869868008506966
198108.0,0.4093671416206584,-0.04730139999999999,0.009145961323109207,0.5174205779743379
198109.0,0.3879718151209632,-0.061728,0.012006955563537407,0.621441127836138
198110.0,0.45389185724887715,-0.038168,0.009412462220134248,0.5293160504090941
198111.0,0.4569653073929556,-0.041667,0.008083716932822425,0.44664932993176154
198112.0,0.46475702647000794,-0.041916,0.005851120623047738,0.5236761311123705
198201.0,0.4288466968218426,-0.043956,0.01081175431648352,0.6988081892266325
198202.0,0.4613831006013379,-0.047619,0.008839061280237256,0.8205943571097791
198203.0,0.501513467211771,-0.047619,0.008211976235696994,0.835958798592491
198204.0,0.5104073639344446,-0.035714,0.006855341417637851,0.7559647192622125
198205.0,0.4882074085365434,-0.04,0.006174783781639645,0.907724527611856
198206.0,0.4856680287309905,-0.043478,0.007764638278175558,0.9878652697077939
198207.0,0.5022955182755403,-0.041667,0.006000422858115124,1.029011782357994
198208.0,0.4836723294537665,-0.044444,0.015247602061844466,0.8045181658469314
198209.0,0.4908644252897319,-0.04035759999999999,0.008922027953863617,0.7040808065709434
198210.0,0.468488063732418,-0.042034499999999995,0.01556984344662402,0.5910611011447573
198211.0,0.44727712576806505,-0.046266,0.0145348543999784,0.6172076942098519
198212.0,0.4486916803656837,-0.04668129999999998,0.009261260004105076,0.662720204562028
198301.0,0.45201832135728515,-0.042169,0.01173244555353515,0.6116277908908363
198302.0,0.4878349646199531,-0.040541,0.008780290679758423,0.6777783446738905
198303.0,0.47600469602609335,-0.038961,0.007012784043693222,0.7089266287031653
198304.0,0.4636814322488701,-0.037736,0.0075510762676588026,0.5783323929830744
198305.0,0.4599865605500698,-0.037037,0.007023928221918748,0.6369373635363169
198306.0,0.44435112256103443,-0.041667,0.007646540251524334,0.599725100707075
198307.0,0.4062747177265766,-0.044444,0.00986912533105138,0.5532578629274836
198308.0,0.4339302352374333,-0.042553,0.006846442046468529,0.6503387044586642
198309.0,0.47564150508020936,-0.038462,0.006396532542825729,0.4959532965485567
198310.0,0.4327514176943476,-0.048544,0.0066416891533347,0.6149924316330091
198311.0,0.502997363182981,-0.04,0.005611173932855932,0.592305335895907
198312.0,0.47840378720510124,-0.041667,0.0042044994379604236,0.5666829453376347
198401.0,0.442282089410418,-0.040752,0.005845067375064861,0.7913322395507236
198402.0,0.41038900203082646,-0.048951,0.00931378925303767,0.9535057950650496
198403.0,0.48179866312511216,-0.038462,0.006869358984915285,0.9733109229412851
198404.0,0.48802576802919745,-0.041667,0.006125094546209062,0.9348618511168423
198405.0,0.4632822844475517,-0.045455,0.006236399759039302,1.0521422298456362
198406.0,0.5102540385248573,-0.039216,0.007526038944257211,1.0927906815912185
198407.0,0.47992659178871344,-0.04717,0.005609508352109029,1.2314087331840389
198408.0,0.5206996502682322,-0.039216,0.01091308999998745,1.0799115598091702
198409.0,0.5094477630771543,-0.041667,0.005751142133707466,1.0358850952838554
198410.0,0.5140771515162019,-0.043478,0.006264885390533633,0.5771911292780283
198411.0,0.5045797592783089,-0.046875,0.006040638554230598,0.47900756784527343
198412.0,0.5377417389166064,-0.045455,0.006534111710860169,0.54643936572884
198501.0,0.5662387206592296,-0.035714,0.007668106193246744,0.48826338331181574
198502.0,0.49929710098932456,-0.04,0.005614554666691131,0.5391840733865021
198503.0,0.4943189251275366,-0.043796,0.00537386968846207,0.5162856471620245
198504.0,0.5010399409224136,-0.043478,0.004110298946374998,0.5363140942053042
198505.0,0.5188246752278503,-0.041667,0.005726443803650188,0.45580477129140773
198506.0,0.5098914104639449,-0.043478,0.004837918865586731,0.5049942605015174
198507.0,0.4995351324752913,-0.042735,0.005171113454918231,0.49442504292492506
198508.0,0.5040787424882943,-0.042553,0.004599695439522451,0.45956935063973603
198509.0,0.47439761558890725,-0.050847,0.006178194745699545,0.5766633638912708
198510.0,0.531141806594237,-0.045455,0.005421903452061671,0.5362127577786897
198511.0,0.5386104041236937,-0.043478,0.006013190047720095,0.413170970280224
198512.0,0.5128213187074544,-0.047619,0.00670046315385664,0.3833782451793324
198601.0,0.48560874745702753,-0.045455,0.00793546257459055,0.46046456390078605
198602.0,0.5126361491721212,-0.044444,0.00639381050622191,0.3393475675464446
198603.0,0.48093760520744544,-0.045455,0.006566136759922079,0.2981435989663297
198604.0,0.47525544017711024,-0.047619,0.008999939211915924,0.3715626672005867
198605.0,0.48987586470104927,-0.043478,0.006788875827410603,0.3565385410793285
198606.0,0.4722812321681023,-0.046732999999999976,0.006874850952496906,0.33099253229385295
198607.0,0.4024482390116307,-0.05814,0.009776869249314006,0.5246722581352896
198608.0,0.4717643348865803,-0.04878,0.006543770680141971,0.4616694849934695
198609.0,0.4125747433989801,-0.059587199999999944,0.012659938531408737,0.5847428237769274
198610.0,0.48462920792435665,-0.046688699999999965,0.005404197478932867,0.46605003329119743
198611.0,0.46074686642399654,-0.050847,0.007902791891743737,0.4699827313204925
198612.0,0.48067289040830247,-0.052632,0.006436989746768283,0.5374431066627812
198701.0,0.4458108962994493,-0.04726864999999999,0.010256540823624049,0.266856967247846
198702.0,0.4631101142563585,-0.045455,0.007594369798184636,0.22693591322621165
198703.0,0.44085571378847566,-0.048387,0.008022930599792755,0.2275160225023043
198704.0,0.4190444078657719,-0.052632,0.012050856426787587,0.2134214986285623
198705.0,0.41677735236241203,-0.04918,0.009235693961473605,0.31460243135327115
198706.0,0.46599740627366265,-0.045455,0.005458679548122504,0.25433242149810686
198707.0,0.46189084845951084,-0.045455,0.005073056183944206,0.18990213177092863
198708.0,0.4433727476732702,-0.047059,0.007893212207484413,0.04184513492762898
198709.0,0.44843107231747853,-0.05,0.00901184674800475,0.0066593603756690545
198710.0,0.3506693377844089,-0.13598829999999995,0.049298545717993456,0.28327792046402656
198711.0,0.4033794170185563,-0.081081,0.016298543502411496,0.4741855128994421
198712.0,0.4503298293707155,-0.076923,0.015080432631845692,0.41797269011123506
198801.0,0.4153038105504238,-0.06407209999999998,0.01804438366362232,0.42368325748052516
198802.0,0.4748108928256405,-0.055556,0.008067904411927548,0.45638479857097636
198803.0,0.450938712587751,-0.053571,0.007106792054390492,0.5237983649771365
198804.0,0.44408334568953617,-0.055556,0.010797957987508561,0.5122198287857336
198805.0,0.4391912898580191,-0.054945,0.008896217989899388,0.573119943336307
198806.0,0.47920217107303875,-0.04878,0.008329520811820175,0.4302676295377461
198807.0,0.4820764534259777,-0.05,0.007383897554814801,0.50814132267841
198808.0,0.47911492536486416,-0.052632,0.006594975511705862,0.5931889158939763
198809.0,0.5015969230314204,-0.05,0.0060354339016306345,0.5191778037747408
198810.0,0.4870453320845434,-0.051724,0.006889755479799597,0.5194793567881808
198811.0,0.49756665891158036,-0.057143,0.006806552823076696,0.4872232732311905
198812.0,0.5317123175514434,-0.052632,0.004131114769416996,0.6120641451900626
198901.0,0.5049522708700442,-0.047619,0.005744564760337747,0.5103519296249248
198902.0,0.495666200250681,-0.05,0.006400343461178676,0.556108210847825
198903.0,0.4926288471066086,-0.05,0.006503633316707041,0.48730500052272263
198904.0,0.5222551796133827,-0.048387,0.005392879374694006,0.43793707712287144
198905.0,0.5112621205890022,-0.047619,0.005639146103154916,0.3923793075348081
198906.0,0.487721083561197,-0.05,0.0068741967034833835,0.3722284079794518
198907.0,0.5106037041910394,-0.047619,0.005909545769346406,0.3248010649224897
198908.0,0.4949456083503052,-0.05,0.006177959741307593,0.2691390606949322
198909.0,0.4962857791893727,-0.04878,0.0043369269765584015,0.2868493315956926
198910.0,0.45405433119461586,-0.0625,0.013552204978258237,0.34023147659674335
198911.0,0.5056633248518579,-0.056604,0.005358746335264834,0.36968107944645934
198912.0,0.5044276352806035,-0.05917784999999999,0.006052248210376042,0.3689359082895891
199001.0,0.45294312463856296,-0.0625,0.009893846857333282,0.4907272544253496
199002.0,0.5043159396725365,-0.055556,0.006186604438113383,0.4768099810627726
199003.0,0.5078926299326825,-0.055556,0.005721052994304139,0.4781668925562088
199004.0,0.488997020104368,-0.060606,0.006230950461205739,0.4825661761472877
199005.0,0.5177134181137449,-0.057143,0.0068048478274348985,0.4017444779608652
199006.0,0.5039543694944743,-0.058824,0.006707568660351777,0.41529589313401516
199007.0,0.46933824744004776,-0.06383,0.006890410102523099,0.4275628347884828
199008.0,0.43489174237568134,-0.083333,0.015324992864740518,0.6341270332478677
199009.0,0.4506656675816143,-0.080645,0.009246476560802698,0.7282085609051574
199010.0,0.4693463901388659,-0.086957,0.012471073049260838,0.7816735918627489
199011.0,0.5158782611284356,-0.08,0.009564110388520697,0.6423450860020203
199012.0,0.5414200737772676,-0.083333,0.005714498980663134,0.6264610109204316
199101.0,0.5114105077956831,-0.072917,0.010970809688772872,0.599137387473609
199102.0,0.5079944046385902,-0.066667,0.0103028205233733,0.45041592189141566
199103.0,0.48691472564101707,-0.066667,0.007503770672135443,0.34509139152277735
199104.0,0.48310251721410785,-0.066667,0.00836566637839123,0.353381986527892
199105.0,0.5043183118320451,-0.0625,0.007569612716765513,0.31257000399513646
199106.0,0.4784107005274277,-0.065789,0.006583757320102253,0.33473596856380605
199107.0,0.5195181801675328,-0.0625,0.006148863583105122,0.31417899017086404
199108.0,0.47901158180222364,-0.064516,0.008828513233217181,0.3344290858387764
199109.0,0.486783078114369,-0.064516,0.004646404340993151,0.32450001088214053
199110.0,0.5022558034757095,-0.066667,0.006398338768774283,0.32017196645484103
199111.0,0.4764577430580505,-0.072464,0.009375951471717419,0.3202885277596057
199112.0,0.5237210743934677,-0.071429,0.009089381057035733,0.20791425722393453
199201.0,0.466546172867039,-0.0625,0.006008288729292681,0.23393523671675287
199202.0,0.45454579814262314,-0.0625,0.006410331590897865,0.26595030077994575
199203.0,0.4523261697221486,-0.0625,0.004477832526609681,0.3317736842636174
199204.0,0.4245035301153265,-0.069767,0.008591184393651103,0.3470624557259443
199205.0,0.46238970103680854,-0.0625,0.004956997503529733,0.3838735189015521
199206.0,0.4854527737563854,-0.076923,0.005616308626750234,0.45499031144499225
199207.0,0.4937994217806034,-0.078947,0.005825916077010005,0.4562509579212042
199208.0,0.4945746196018604,-0.076923,0.003963730049430953,0.5010443338155774
199209.0,0.5080298174636884,-0.076923,0.0059237915745785335,0.5364673795110222
199210.0,0.48906769111795545,-0.078125,0.005817436556672457,0.5025429467110198
199211.0,0.5078605965228815,-0.075,0.004628944366699604,0.5062842054265528
199212.0,0.5047185958655274,-0.076923,0.003812241097021303,0.5025130928089625
199301.0,0.45485834058642943,-0.068966,0.003933244570326132,0.5255193118534989
199302.0,0.41248078872345,-0.078125,0.007973254707556943,0.5421002353832842
199303.0,0.4613987540520666,-0.068182,0.005590858225322136,0.5207759690644018
199304.0,0.4319878690845548,-0.074074,0.0064085999288158915,0.6002797048187409
199305.0,0.4595461207119055,-0.06718289999999995,0.005550870774031764,0.5959866854430114
199306.0,0.4596523155101708,-0.068182,0.004608118650816187,0.5742033309072243
199307.0,0.44610831774368337,-0.06806044999999995,0.004195292957589494,0.4906323570142923
199308.0,0.4808219860731151,-0.066667,0.0032823421515740855,0.480529860270519
199309.0,0.4749512131197504,-0.066667,0.004653469811411082,0.557995755586689
199310.0,0.4585453720659724,-0.066667,0.0034606590000006814,0.551295791225415
199311.0,0.4416680545684401,-0.067568,0.005629224310092229,0.6826664162816105
199312.0,0.4819064397640901,-0.066667,0.0031478086244820596,0.631611459322321
199401.0,0.4478276811641417,-0.061538,0.0038299190964972466,0.6664342633945355
199402.0,0.42660826712744404,-0.065217,0.006912513390107904,0.7059521620215483
199403.0,0.4242838807634027,-0.066667,0.006331510208610512,0.7075719320487361
199404.0,0.42399067176843,-0.073171,0.008728272186889055,0.7632243366038203
199405.0,0.4516936907147961,-0.068182,0.005620406763791763,0.8720326071038771
199406.0,0.4455970212695417,-0.068966,0.005649523765126338,1.0106094684376634
199407.0,0.47232934208688565,-0.066667,0.003887581548983892,1.100065521988629
199408.0,0.4888947682934306,-0.0625,0.004158700455462122,0.9410402377388676
199409.0,0.47942761857275484,-0.0625,0.005280071504746701,1.092879079311838
199410.0,0.46277011976392485,-0.065217,0.006473781510648861,0.9918907287024052
199411.0,0.45591522663685174,-0.068966,0.00579571961101672,1.1316632424811934
199412.0,0.4608075386295495,-0.072727,0.005430925690629808,1.1426985964454102
199501.0,0.4541830624140016,-0.065217,0.0036363982245649403,1.1094310594607695
199502.0,0.4839410200629032,-0.06383,0.0048088446801591266,1.1777551939951665
199503.0,0.47551415996825414,-0.064516,0.004077952699258699,1.229087219547059
199504.0,0.47919617497148487,-0.064516,0.00314263553490747,1.198372923349336
199505.0,0.48141957780176936,-0.0625,0.005621319304867206,1.0715300999070356
199506.0,0.4820092499173751,-0.060606,0.005087105718471859,1.0729303498043685
199507.0,0.46625242481234286,-0.0625,0.006576917781149465,0.9451090621713385
199508.0,0.4676435334716604,-0.059524,0.0028354844843288362,0.6229606119260596
199509.0,0.4581085872503277,-0.058824,0.004331583624957505,0.6659637733974189
199510.0,0.43329892490273647,-0.068966,0.0052366365897135985,0.8104501683800891
199511.0,0.47687389702744093,-0.066667,0.004831261296419985,0.8438371313258839
199512.0,0.45096511792950084,-0.069767,0.0062779824346680035,0.9307735021089911
199601.0,0.4472397257843938,-0.066667,0.007360050268479519,0.9501653511061203
199602.0,0.4495936215806285,-0.06093629999999996,0.006541391197597038,0.8457142390881374
199603.0,0.4383426831429669,-0.060976,0.00801706884745054,0.8950305877706257
199604.0,0.46311782123333195,-0.058824,0.006209202057468913,0.9385130361806835
199605.0,0.4451158624674056,-0.058824,0.006324054165715937,0.8488038763037504
199606.0,0.4168322321612728,-0.066667,0.004732017624650187,0.9590038183595178
199607.0,0.3729375807945293,-0.08,0.011025421500909943,1.006662643651305
199608.0,0.43932663996747057,-0.06,0.0065951416932879805,0.9243146295093623
199609.0,0.44673523566489654,-0.06,0.005335203548131973,0.786058055122357
199610.0,0.4488645850258783,-0.064935,0.004452725931088876,0.8713971495263668
199611.0,0.4804846281247768,-0.063158,0.005237524997553711,0.8208677370238819
199612.0,0.4730168145113438,-0.065217,0.007461196795357138,0.9960736195247593
199701.0,0.4591366930715256,-0.06,0.006780416479565517,0.819681368741247
199702.0,0.4392719954656562,-0.06383,0.0076128709606270014,0.8794798540167057
199703.0,0.42643765527084826,-0.06802039999999998,0.008843024083988463,1.07308904067354
199704.0,0.45297455349317756,-0.071429,0.010189521455887907,0.8704032383678479
199705.0,0.47323667135090547,-0.060976,0.008788325077434647,0.6775351398932086
199706.0,0.45909473822461255,-0.060606,0.007744043815671991,0.6895774295943902
199707.0,0.47581517514845384,-0.058824,0.008185070761064707,0.5417439364100489
199708.0,0.47556303514080434,-0.055556,0.008814122234341023,0.7198190511320905
199709.0,0.4781387834375196,-0.052632,0.008818129639177084,0.541724977292785
199710.0,0.41219357768851933,-0.067708,0.018148501702440294,0.55761697515414
199711.0,0.4272112958392753,-0.060976,0.010865622529214256,0.35698169123668766
199712.0,0.46846542316510065,-0.068182,0.009090396005975457,0.3604853960933032
199801.0,0.4366453309809493,-0.0625,0.010503802728059966,0.4079725206323317
199802.0,0.4762484424062275,-0.054348,0.006696571196476125,0.1818132426347736
199803.0,0.47535354900655746,-0.05281384999999999,0.006471782679096583,0.04502268758671124
199804.0,0.44748503625133107,-0.057471,0.008527957981447454,0.12039195783051526
199805.0,0.4438984324212316,-0.058824,0.006268372520040588,0.16200815254972656
199806.0,0.44772764012333915,-0.0625,0.008951740866750699,0.10637621507115069
199807.0,0.4365290374428121,-0.06680359999999999,0.009118659520705083,0.11214586627059697
199808.0,0.38229432537868446,-0.095745,0.02085944541562932,0.24272864734837118
199809.0,0.42678934236583066,-0.085714,0.020206534228407638,0.06129709169266184
199810.0,0.39984442630889383,-0.09870219999999999,0.01633493239544126,0.015306161548825692
199811.0,0.44605263689119684,-0.074074,0.009521104662800425,0.031356014458645554
199812.0,0.44823883861203906,-0.076923,0.01107801664641202,-0.012499934396062895
199901.0,0.423558125772424,-0.071429,0.012163863777599615,-0.06424339464940954
199902.0,0.40070062071828516,-0.07354179999999999,0.012838098734051829,-0.04830594841916447
199903.0,0.4090866534506921,-0.07089559999999999,0.01088735923584938,-0.042095650168946785
199904.0,0.4119355396347375,-0.0762836,0.010902178017433468,-0.1322092875749381
199905.0,0.40084964291433894,-0.064286,0.011465790264957755,-0.12317242248739513
199906.0,0.4124758723887047,-0.060606,0.010149417155231578,-0.2242056476265294
199907.0,0.39839939890203835,-0.0625,0.00858990419592897,-0.26446315698205514
199908.0,0.38940308012108704,-0.066116,0.010686123472224918,-0.25118967380167057
199909.0,0.40008703501327453,-0.065217,0.010607641683957753,-0.3103800534582314
199910.0,0.40340383981597877,-0.070175,0.014045514801801287,-0.30204766060706756
199911.0,0.41483161985009487,-0.067164,0.008039822353521905,-0.28558204334436343
199912.0,0.3788762983203672,-0.07291619999999999,0.007415698023909696,-0.37594619642502203
200001.0,0.33615736151379033,-0.0764671,0.016653474551876556,-0.3653836943923727
200002.0,0.3693216015817494,-0.06912524999999999,0.011572024198471068,-0.3944013859579024
200003.0,0.3326454728270877,-0.0875,0.0163783271389225,-0.4192220426050465
200004.0,0.3269194837286299,-0.120536,0.024222968650913907,-0.3313551391547316
200005.0,0.3377270760866726,-0.086758,0.017384418020431138,-0.2601633078239852
200006.0,0.3814911179075471,-0.071429,0.011901291242015413,-0.2849493876369147
200007.0,0.36818728032292025,-0.077381,0.01148505244872656,-0.2552568232624354
200008.0,0.4102657264988303,-0.068607,0.006809381204728101,-0.2899097194518081
200009.0,0.37183293483298124,-0.078652,0.009808155922496339,-0.25845262857240003
200010.0,0.3640177760491589,-0.09963649999999999,0.017921604592832034,-0.19396023421934872
200011.0,0.3783863662377938,-0.106383,0.014746718743987955,-0.08713988463683398
200012.0,0.3897819778664946,-0.12069,0.018871724778090637,-0.0647524700186961
200101.0,0.41189106365644257,-0.086207,0.017114645621861553,-0.07962451548170912
200102.0,0.3653021603359541,-0.0891855,0.012112473451168558,0.03737622944392904
200103.0,0.39076250470551077,-0.096296,0.017932651317435672,0.10404965198237304
200104.0,0.44366967951015196,-0.0891565,0.02015470192783808,-0.006021806557041098
200105.0,0.422728115203563,-0.068182,0.011086630761253108,-0.0024548873974812313
200106.0,0.4191287755340517,-0.068493,0.008663716064577545,0.03731942647937614
200107.0,0.4284113280240266,-0.071429,0.011249236683099035,0.01680583665740021
200108.0,0.43659487807312836,-0.066667,0.009182551696134028,0.0834565289089344
200109.0,0.36945182211227806,-0.111111,0.02180925243560632,0.21708795823149307
200110.0,0.4356897519612079,-0.076923,0.012061359500487496,0.20519827018589631
200111.0,0.44523656405543166,-0.064675,0.009913308015467078,0.1710405830840318
200112.0,0.4359305483197914,-0.0639843,0.00963253194388682,0.19096263353201626
200201.0,0.42235060823522014,-0.0625,0.009637588890331835,0.17815780700898154
200202.0,0.4123961755494563,-0.07067279999999997,0.011259234857615654,0.23156329214607618
200203.0,0.4641808298144179,-0.054206199999999996,0.009760029602926415,0.15889537811305576
200204.0,0.4461482751250586,-0.06271605,0.009727068824116076,0.1886408472352039
200205.0,0.43346445788075544,-0.0647728,0.012656609622500158,0.24685901014782274
200206.0,0.42414350671662543,-0.076923,0.012653772486891016,0.35654343271493616
200207.0,0.4127530804307663,-0.09243114999999999,0.02475754773342318,0.5403173296989867
200208.0,0.42112534404308094,-0.077922,0.01922714744006032,0.5190650708008455
200209.0,0.41982226790876104,-0.078947,0.01791446171114276,0.7055953663423613
200210.0,0.44721825352110584,-0.0826803,0.02136091730341837,0.553581049573243
200211.0,0.45133342736826787,-0.0648817,0.014490169481410492,0.5229041470394613
200212.0,0.4238996389663223,-0.06919159999999999,0.010659015917678955,0.6142655905883638
200301.0,0.4282719862165601,-0.05958414999999999,0.014429886618041178,0.7191231929848987
200302.0,0.459439246872069,-0.057580549999999994,0.010532318220850675,0.7431801585763687
200303.0,0.4591985536132451,-0.0561208,0.015612265728922124,0.7582668164866682
200304.0,0.5123919846260757,-0.05,0.011204788317415696,0.6449731476188751
200305.0,0.4585026080005336,-0.04878344999999999,0.009675297411449428,0.4987962444692582
200306.0,0.40962676995733666,-0.052632,0.009480391003087825,0.4741143421016767
200307.0,0.44656453152477826,-0.048169399999999994,0.009149408729033208,0.4380594064770802
200308.0,0.4418101635757919,-0.04428064999999999,0.006567402338534657,0.4381660369619189
200309.0,0.3797689163344155,-0.04745479999999999,0.009179564472498784,0.47959633076649477
200310.0,0.425815184108365,-0.041275499999999986,0.00772210096721262,0.4472125750036655
200311.0,0.41688232777530243,-0.04391249999999999,0.007017451707969512,0.45737985142933435
200312.0,0.3956715473280817,-0.043205,0.006450369615907152,0.4091214188334329
200401.0,0.39699473810074526,-0.041984650000000005,0.006369266303900317,0.40408708125409953
200402.0,0.397509176271705,-0.044591099999999995,0.006182305339902703,0.3633669616059745
200403.0,0.38845556671939035,-0.0449664,0.009465009141225287,0.3959112226828623
200404.0,0.40033922927559096,-0.048781,0.007958979155047221,0.48754732154978986
200405.0,0.41281323839539674,-0.04615565,0.007818147095060311,0.5240513973087793
200406.0,0.401341289436148,-0.040253599999999994,0.006327137632377505,0.4698121020159991
200407.0,0.39700525934633973,-0.050633,0.006413971205037299,0.4788359322675322
200408.0,0.4097056969764725,-0.047619,0.008221603460064553,0.4919473435606663
200409.0,0.4290625034462871,-0.0375,0.005799836910679143,0.5215741399977054
200410.0,0.43043672508788905,-0.04099,0.007287306870756262,0.5336892550889323
200411.0,0.46332310862073084,-0.0371924,0.006063356076032637,0.3909214016214557
200412.0,0.42982846028493965,-0.0359904,0.005577353991406189,0.33774587057904837
200501.0,0.3878633225501055,-0.043988,0.006678150335235049,0.28872447799624945
200502.0,0.4156871374907507,-0.0390451,0.006536854204794294,0.23284403693669686
200503.0,0.4211786014569649,-0.041381999999999995,0.00581834722705215,0.2409956440069836
200504.0,0.4034887292027001,-0.04803954999999999,0.008962400927260082,0.3382657053536413
200505.0,0.4537536704215132,-0.0398066,0.00652781363894236,0.32019058167441017
200506.0,0.4226346128853977,-0.036781,0.0047940753208328074,0.20277333938047915
200507.0,0.4442599225057005,-0.03419995,0.00575141699062066,0.1373293518703269
200508.0,0.42747482220827093,-0.037879,0.0055750327782230005,0.15627069179380437
200509.0,0.4070455831145758,-0.037383,0.005380547551353948,0.03181999350784004
200510.0,0.3927953449587278,-0.044964899999999995,0.009746745422618431,-0.1409751376748869
200511.0,0.45212618433786184,-0.0383948,0.005387138046619312,-0.24420087277041191
200512.0,0.4237162826115298,-0.0351919,0.004739527819559767,-0.23006115091311352
200601.0,0.4175925690560058,-0.0332096,0.006946472338532704,-0.31707820539935705
200602.0,0.41450865803060916,-0.037037,0.005688049318758724,-0.3844810606318517
200603.0,0.42427039681520484,-0.0335375,0.005123061970786782,-0.3435610240254394
200604.0,0.4216995319622182,-0.0362407,0.005553296053032972,-0.2810386136414772
200605.0,0.3837317146420559,-0.044776,0.008260373280141323,-0.20770880826872407
200606.0,0.36219606272123034,-0.04414559999999999,0.010807329265995199,-0.20979255655736595
200607.0,0.37329786232428724,-0.04567485,0.009337796739595481,-0.1435223240268455
200608.0,0.4312679909789999,-0.037931,0.004941653186676631,-0.13811377939636293
200609.0,0.39313567158031587,-0.03697985,0.005350558022300104,-0.11624756724395136
200610.0,0.4481130152689956,-0.03376914999999999,0.005018285011290756,-0.17183139980630524
200611.0,0.4224848429072778,-0.0361928,0.005651440996182596,-0.14485235167625987
200612.0,0.4342828753349455,-0.03177385,0.00430312790304913,-0.12993886946037891
200701.0,0.4014443419627581,-0.034091,0.005105877960742892,-0.17822472001371992
200702.0,0.41064372723275944,-0.0368046,0.008704012181323712,-0.13758576820252044
200703.0,0.41404165294530365,-0.036042149999999995,0.008720465912282023,-0.09439158205387688
200704.0,0.4378056854909594,-0.0321086,0.005419656834154724,-0.11163137093675934
200705.0,0.4399998142119989,-0.034219,0.005974410492029547,-0.21271673218780385
200706.0,0.39007008209053506,-0.033557,0.008255206362971074,-0.24152709685654283
200707.0,0.37085169658628914,-0.041969599999999996,0.010381785599697926,-0.16148639245793106
200708.0,0.3747529607458876,-0.055521949999999994,0.014536906156699768,-0.20664508902749223
200709.0,0.38195772533915745,-0.03920175,0.009778122747935014,-0.16788829506722958
200710.0,0.41183956707190306,-0.043324749999999995,0.008836429612934618,-0.15759061768244298
200711.0,0.38571413927949816,-0.061225,0.01604733062210778,-0.10931042019737813
200712.0,0.392879244964994,-0.054,0.010966844033266816,-0.04523877828846523
200801.0,0.3541386873550732,-0.0644222,0.014503461636056801,0.037643172460315455
200802.0,0.38440246924439064,-0.0550004,0.012601803323334325,0.10113935771103666
200803.0,0.41583817440922805,-0.063994,0.017676652423465253,0.11648099408610046
200804.0,0.43550845196947036,-0.051454,0.01095932203029167,0.09248066586721548
200805.0,0.4468772652389242,-0.048913,0.00803643839023233,0.050985104081645805
200806.0,0.37683208406040947,-0.061114199999999994,0.011715394194940994,0.11939189894139379
200807.0,0.40992163657697783,-0.0690496,0.01363425672874963,0.10902496345508839
200808.0,0.43816607519702294,-0.057692,0.011656106104690775,0.03418915021018787
200809.0,0.3778396499545613,-0.09435415,0.0323163705300904,0.04925999943205994
200810.0,0.3134471814525553,-0.133095,0.049157010319640246,0.43419495789449614
200811.0,0.34485480542674096,-0.136364,0.04401054314772648,0.5570593839093729
200812.0,0.3687100919998257,-0.117647,0.030500116129436143,0.5287888441142015
200901.0,0.34565276572053655,-0.1,0.025160837914306435,0.7468984278307302
200902.0,0.3769957645093418,-0.101322,0.02222930311666633,1.0214633163937772
200903.0,0.3759704423952837,-0.106605,0.030721045405685363,0.9047041883530715
200904.0,0.38260603536908716,-0.0794127,0.020086530812841678,0.7050067569352014
200905.0,0.37519924042388003,-0.0770699,0.018928199877431558,0.491939393352123
200906.0,0.38418387224890976,-0.0700333,0.013482570315714352,0.5535949881940467
200907.0,0.41287493076458887,-0.059719249999999995,0.013492025385389697,0.4509317300759983
200908.0,0.40120270354534965,-0.055556,0.010951902435302321,0.44364833450566743
200909.0,0.40686546834315857,-0.050505,0.010209304626289734,0.41774440356798537
200910.0,0.3615460618149215,-0.060360199999999996,0.014156316680356705,0.4381881308009652
200911.0,0.4396216151180976,-0.052437599999999994,0.010531445643880045,0.36898248845071935
200912.0,0.46132164466412345,-0.04387155000000001,0.00679953729709202,0.34781055663901017
201001.0,0.36626579383820174,-0.0486274,0.010214348468286116,0.4757233098944571
201002.0,0.40653337051724325,-0.0452728,0.011429028365019533,0.4379728919082424
201003.0,0.46230444501753654,-0.038462,0.005857462612844369,0.3996229105249305
201004.0,0.41576131824123785,-0.041656,0.00954993631990736,0.3926291799176249
201005.0,0.31404274696074586,-0.062921,0.020751803979413452,0.541494648132463
201006.0,0.31839032629179104,-0.05950245,0.016380601832933092,0.5995216828211378
201007.0,0.37144092292498454,-0.047619,0.012899659524853469,0.5730807638090476
201008.0,0.3583194101205549,-0.05195465,0.011371526040949825,0.6012285176907672
201009.0,0.41085229161363945,-0.03835025,0.010554272964516496,0.5217969238847506
201010.0,0.4077565404864545,-0.0388062,0.007507110017145334,0.5237046536637993
201011.0,0.44560723514256073,-0.04065,0.009444184522006878,0.5537991246623488
201012.0,0.47672819669965727,-0.0325414,0.0060144069722020575,0.49402692430132733
201101.0,0.38189510389673775,-0.0420769,0.006923107022861917,0.4218505845885898
201102.0,0.42124816259717024,-0.0390244,0.007934253203341625,0.432885263137756
201103.0,0.4012275961307307,-0.040695999999999996,0.009850270841564404,0.4346004245541688
201104.0,0.43070957960182277,-0.0362986,0.005960192228443643,0.396897257267917
201105.0,0.40643565976676244,-0.04140055,0.007426620717776981,0.44683876307954584
201106.0,0.39319786096399195,-0.044944,0.010481199567016953,0.5152990400835689
201107.0,0.38945144438114804,-0.042105,0.009817492987010483,0.5183732003950783
201108.0,0.2912418788490576,-0.084507,0.02936663620653473,0.6759812547084114
201109.0,0.2950232464957891,-0.06278,0.018447070438470842,0.7855573879563986
201110.0,0.354655567932521,-0.06,0.019932746265045032,0.6364568598421194
201111.0,0.35337231906843175,-0.05987875,0.019475141942144267,0.6815574196744434
201112.0,0.383461190119788,-0.049470599999999997,0.012040281014360167,0.669271660139225
201201.0,0.4478441728914353,-0.036547,0.006221939247533682,0.540455524011817
201202.0,0.44531724861291955,-0.0392415,0.006098420299552991,0.5622341366726953
201203.0,0.40045301476467815,-0.038579,0.00782221519717459,0.5096800798699404
201204.0,0.3992873122820067,-0.043103,0.00941631411168935,0.533417608694347
201205.0,0.4141260120384526,-0.049067400000000004,0.008738377678639523,0.6580313090448235
201206.0,0.3679495724294735,-0.047763,0.013021608232180114,0.566330054895456
201207.0,0.42449330260896945,-0.043478,0.008642482009568448,0.5691268901305551
201208.0,0.4741048589238431,-0.0385005,0.005788166935935838,0.4371585143722361
201209.0,0.4654028608604085,-0.036253,0.007409553385219723,0.35270270843583584
201210.0,0.4308512431378644,-0.0390658,0.006365960365958335,0.47353461591456125
201211.0,0.4308048854104695,-0.044776,0.009250840466321606,0.4679566121678427
201212.0,0.46981800857199585,-0.0350485,0.006531497378090265,0.41749623787669954
201301.0,0.439456757560675,-0.0321478,0.00641646096268919,0.2677889475933839
201302.0,0.42394215273703995,-0.0383427,0.007853190581909334,0.2581423829291265
201303.0,0.46568551679581344,-0.0321281,0.004706613989908244,0.3009594720611095
201304.0,0.3967999149525639,-0.04117,0.009188994192659351,0.2968358998553866
201305.0,0.4476847799053663,-0.035439,0.006781020283918127,0.29072681031041503
201306.0,0.40376196678649706,-0.0378485,0.010603828725983836,0.31431539647813644
201307.0,0.4578789570419444,-0.03002025,0.005047491843390231,0.2970344881360274
201308.0,0.41367165250220334,-0.0380822,0.006687941825676743,0.33506661805751703
201309.0,0.46823283707446034,-0.029037599999999993,0.0055731402996874214,0.29067351757273663
201310.0,0.4504935271864984,-0.0355449,0.007838675090467335,0.21437555292656985
201311.0,0.48368178670642786,-0.035901800000000005,0.005719258819987079,0.23282269968952485
201312.0,0.4230099326361023,-0.032761,0.005731631330981234,0.2239479918882914
201401.0,0.39527076270341094,-0.038405499999999995,0.007886392560546782,0.28984248794779854
201402.0,0.3936646846942328,-0.038141999999999995,0.008110481149332894,0.27307444314043927
201403.0,0.4306392485059944,-0.038462,0.006440492302241971,0.2699315000548328
201404.0,0.3628863084185971,-0.0439106,0.008277789312658417,0.28018661575074866
201405.0,0.45560480087199245,-0.038304399999999995,0.005140888824392325,0.266480816832978
201406.0,0.4546672048304164,-0.030467,0.003728834925920147,0.2437985381761496
201407.0,0.38795406017759204,-0.0372684,0.006490665696353355,0.2956886134221488
201408.0,0.4874706757014552,-0.0299186,0.004936353575165338,0.24756917530662204
201409.0,0.4178625753269116,-0.037975,0.005924652463184976,0.3102387319677322
201410.0,0.41991290900643774,-0.045872,0.011104589215823064,0.30782655851237517
201411.0,0.4911070354866929,-0.0400262,0.0032980605305478997,0.31569825748880387
201412.0,0.4446710199274281,-0.0442482,0.009481578836210388,0.3365508107227533
201501.0,0.39959644771594754,-0.046028599999999996,0.010139603734860647,0.4435044975407221
201502.0,0.4932896238494336,-0.035461,0.006552231970059797,0.3130185937090473
201503.0,0.4448508148815294,-0.039801500000000004,0.008280209112972056,0.3023575074001186
201504.0,0.431516878396881,-0.0374788,0.0051467288594194424,0.29708495129229884
201505.0,0.4631158529350571,-0.0367085,0.00615714278297978,0.31746516540588354
201506.0,0.43081204092310704,-0.03781,0.006842265244918395,0.3505145652240673
201507.0,0.43436711370836817,-0.04406355,0.0071160344293714605,0.3765264917285751
201508.0,0.4086697739323432,-0.054348,0.01565891974927663,0.5086338954711562
201509.0,0.4192186728514541,-0.0536575,0.013502510473805905,0.5620618199585918
201510.0,0.44083346783113114,-0.04616779999999999,0.00869555367833051,0.34673265559015265
201511.0,0.48357702392030166,-0.046471,0.007259130846733649,0.36836560939180396
201512.0,0.4340054181502037,-0.0505055,0.010872235853519065,0.2736731580474965
201601.0,0.3771639576120943,-0.0671768,0.015312365486412403,0.47014680550514965
201602.0,0.41226543971910384,-0.0588231,0.011971086009631707,0.5173272852699151
201603.0,0.4603345516425753,-0.048540849999999997,0.008289007090445426,0.4357004705429004
201604.0,0.4494807358752977,-0.039106,0.00646818915558141,0.47283448414656415
201605.0,0.46423935169674135,-0.046091299999999995,0.006919296716258022,0.3624351321125441
201606.0,0.3705142387943007,-0.05182,0.011932529043066954,0.4498517894745735
201607.0,0.48013798022737314,-0.035831,0.005193801984096045,0.4121766807177989
201608.0,0.4806137577923884,-0.0368941,0.0037225462475592415,0.37958330844518295
201609.0,0.40750969656609803,-0.0388565,0.009130463183890561,0.39748873908115523
201610.0,0.44646392716087024,-0.04151275,0.004439270210293579,0.4557958735383689
201611.0,0.4721825434574954,-0.04490075,0.006697633629730372,0.4480394114576116
201612.0,0.4383774903887749,-0.041096,0.005119927166520652,0.4618507440827069
201701.0,0.42438424394499924,-0.03871,0.004626462455267523,0.4276689621002836
201702.0,0.4572664565117989,-0.0374906,0.0036860467484256007,0.274837551627072
201703.0,0.44285597284494205,-0.040201,0.005336657612987821,0.09189732484383395
201704.0,0.43269309258510263,-0.038383,0.004706429532816615,0.22169015670235925
201705.0,0.4317997061958842,-0.0432259,0.004978634104395958,0.27543383828531653
201706.0,0.42637861177963904,-0.038497,0.00476407445461245,0.2952921402564408
201707.0,0.456528955455344,-0.037037,0.003723891949291762,0.34002651010103024
201708.0,0.46297312435442695,-0.041667,0.005607669301947111,0.42946346919893186
201709.0,0.4618865151489553,-0.034995399999999996,0.0035780956107963357,0.3473420455055729
201710.0,0.44444758820991476,-0.0391216,0.0031286830877601465,0.2951664364858042
201711.0,0.49584002759567186,-0.042735,0.0039903639230144455,0.4167665350973986
201712.0,0.4505481711893834,-0.038462,0.0035350246250910335,0.4628461727412869
201801.0,0.4366131958126585,-0.038540599999999994,0.005826118752161315,0.39146225132375445
201802.0,0.36898309044713623,-0.04989245,0.0156646269900321,0.49095164511415557
201803.0,0.4183078547669364,-0.0432521,0.011481966548005781,0.565408468970388
201804.0,0.4356821489383692,-0.040124,0.009819036442883115,0.6331826102826266
201805.0,0.5012620362982485,-0.037282949999999995,0.006072036276691251,0.6028287304512252
201806.0,0.43371186357862856,-0.04066455,0.005532642660566811,0.6316165621200784
201807.0,0.44437015636615784,-0.0394465,0.005268514134979254,0.6003382332918792
201808.0,0.5124857564581661,-0.0382946,0.004622580424677184,0.5955429645262968
201809.0,0.45773412800919233,-0.042253,0.003548817445735677,0.5274932584409748
201810.0,0.38306724335875014,-0.056223050000000004,0.013602284812870033,0.756291855535574
201811.0,0.4313741364975337,-0.0539964,0.011268730591457813,0.6927281170830544
201812.0,0.36675646592362565,-0.067797,0.017971837509661727,0.9219274211191182
201901.0,0.4419693525046412,-0.042736,0.01147325553500089,0.6603545355693685
201902.0,0.49280836884704665,-0.039146,0.005168922696472183,0.5726328750194669
201903.0,0.40280413458144093,-0.0483988,0.007361557977571246,0.5998700973035624
201904.0,0.4485907509323012,-0.04,0.00434718031766405,0.40367312325633686
201905.0,0.40794903054419474,-0.05159365,0.009193177267557027,0.4927878415942011
201906.0,0.45463951917231304,-0.0446386,0.007174054031717352,0.2811960723487368
201907.0,0.45427231521195516,-0.04225825,0.004983470783044138,0.3805891955534997
201908.0,0.39612635539460517,-0.0563865,0.013377549809628478,0.35818067995627145
201909.0,0.41234702302002785,-0.047414,0.005456357232623245,0.2146713615994209
201910.0,0.4285549228869392,-0.0458339,0.007680624736818359,0.2839652501786112
201911.0,0.5173222501973929,-0.044944,0.0039929551963426785,0.3055085951814587
201912.0,0.474661089682211,-0.03992345,0.004560437092668912,0.1968462144554528
202001.0,0.410301499647643,-0.046854,0.006830677059797081,0.19891794466383184
202002.0,0.38199426160371536,-0.0613484,0.015038182931948156,0.30022920376260664
202003.0,0.2984135913482581,-0.1589241,0.05603557896875552,0.5149472177802554
202004.0,0.3221669135416349,-0.0805859,0.025834139159167623,0.3410481411276667
202005.0,0.31973656768902387,-0.07005470000000001,0.014789964628084814,0.2726568354475507
202006.0,0.3470884890596747,-0.0770005,0.018035849564131987,0.24125434185301198
202007.0,0.3604138200706168,-0.053100499999999995,0.008706792298910295,0.17595252233521497
202008.0,0.4533615129348412,-0.049844,0.005737011877773505,0.10062363921973683
202009.0,0.34081332876912135,-0.057851,0.01483198599712957,0.14060882208681247
202010.0,0.36955439425116193,-0.0507148,0.012156481933520074,0.16409799135640246
202011.0,0.4154737812894903,-0.0482528,0.010968587999373483,0.03594441554284389
202012.0,0.4131751661855367,-0.047432199999999994,0.005437978346775573,-0.008711163943815436
202101.0,0.37479886803243484,-0.05293855,0.010188439279269833,-0.008085265746501369
202102.0,0.40712038358274344,-0.061947,0.009692779135440003,-0.036223679208334914
202103.0,0.34252464583856024,-0.06600444999999999,0.011518368662800036,-0.06481508753706433
202104.0,0.39558850072584234,-0.046804,0.007055861268342458,-0.1078097363427093
202105.0,0.40059070507428696,-0.0514945,0.008893366623500912,-0.11409259168249686
202106.0,0.38807716608837717,-0.042328149999999995,0.005213437572099796,-0.13436743755996694
202107.0,0.38234833137667507,-0.0477738,0.007530440431690441,-0.14448645180798259
202108.0,0.4437667937972575,-0.0445675,0.005455471506995189,-0.1670964515346235
202109.0,0.3944565155150353,-0.047265800000000004,0.008114724371107598,-0.13036025999770662
202110.0,0.413318250150097,-0.04172825,0.007340101420085615,-0.1831691887742617
202111.0,0.3964479611605949,-0.055231749999999996,0.00802749328127731,-0.16790015664876667
202112.0,0.3665610052259667,-0.0573752,0.011163478374104144,-0.19474806152931756
202201.0,0.305016924028066,-0.06495379999999999,0.012470998225883925,-0.14351118780626404
202202.0,0.37005581946183513,-0.057327249999999996,0.013897841159501602,-0.12438960806723631
202203.0,0.361697208345855,-0.06272845,0.014643708554098968,-0.15031024377076518
202204.0,0.3364283993236304,-0.06221544999999999,0.015360765846792926,-0.06690355153151262
202205.0,0.3570254607146019,-0.07932805,0.01943158947129525,-0.06493242909203856
202206.0,0.3236746845587857,-0.07385275,0.018603908551187636,0.020816125445372924
202207.0,0.4028384369571974,-0.052144300000000005,0.012641273470263984,-0.06377378548819768
202208.0,0.41168042992007864,-0.058824,0.011945035976432254,-0.02856913078795298
202209.0,0.35220306958530107,-0.065298,0.015234806784528146,0.06906187597344582
202210.0,0.40433511258099236,-0.056563249999999995,0.017156274420747644,-0.007741879339999924
202211.0,0.4121523912567031,-0.06542540000000001,0.017265974932825324,-0.057115999999999945
202212.0,0.40516539524490974,-0.0644005,0.011289088113243313,0.0
